Evol,
0.5714286,
0.2857143,
0,
0.1428571,
0.1428571,
0,
0.1428571,
0,
0,
0.1428571,
Static enemies,
0.4285715,
0.2857143,
0.5714286,
0,
0.1428571,
0.1428571,
0,
0,
0.1428571,
0,


Evol,
0.2857143,
0.1428571,
0.1428571,
0.1428571,
0,
0,
0.1428571,
0,
0,
0,
Static enemies,
0.2857143,
0,
0.1428571,
0.1428571,
0.1428571,
0.1428571,
0,
0,
0.1428571,
0,


Evol,
0.1428571,
0,
0.1428571,
0,
0.1428571,
0.1428571,
0.1428571,
0.1428571,
0.1428571,
0.1428571,
Static enemies,
0,
0,
0,
0,
0.1428571,
0.1428571,
0,
0.1428571,
0,
0.1428571,


Evol,
0,
0,
0.1428571,
0.1428571,
0,
0,
0,
0.1428571,
0.1428571,
0,
Static enemies,
0.1428571,
0.1428571,
0.1428571,
0.1428571,
0.1428571,
0,
0,
0.1428571,
0.1428571,
0.1428571,


Evol,
0.1428571,
0.1428571,
0.1428571,
0.2857143,
0.1428571,
0,
0,
0,
0.1428571,
0.1428571,
Static enemies,
0.1428571,
0.1428571,
0.2857143,
0.2857143,
0.1428571,
0.1428571,
0.1428571,
0,
0.1428571,
0.2857143,


Evol,
0.1428571,
0.1428571,
0.1428571,
0.1428571,
0,
0.1428571,
0.2857143,
0.2857143,
0.1428571,
0,
Static enemies,
0.2857143,
0.2857143,
0.2857143,
0.1428571,
0.1428571,
0.1428571,
0,
0.1428571,
0.2857143,
0.1428571,


Evol,
0.1428571,
0.1428571,
0.2857143,
0,
0,
0,
0,
0,
0,
0,
Static enemies,
0,
0.1428571,
0.2857143,
0.4285715,
0,
0,
0,
0,
0,
0,


Evol,
0,
0,
0,
0,
0,
0,
0,
0,
0,
0.1428571,
Static enemies,
0,
0,
0,
0,
0,
0,
0,
0,
0,
0,


Evol,
0,
0,
0,
0,
0.1428571,
0,
0,
0,
0,
0.1428571,
Static enemies,
0,
0,
0,
0,
0,
0.1428571,
0.1428571,
0,
0.1428571,
0,


Evol,
0,
0.1428571,
0,
0,
0.1428571,
0.1428571,
0.1428571,
0,
0,
0,
Static enemies,
0,
0.1428571,
0,
0,
0.1428571,
0,
0,
0,
0.1428571,
0,


Evol,
0.1428571,
0,
0,
0.1428571,
0,
0.1428571,
0,
0,
0,
0,
Static enemies,
0,
0,
0.1428571,
0.1428571,
0,
0,
0,
0.1428571,
0,
0,


Evol,
0.1428571,
0,
0.1428571,
0.1428571,
0,
0.2857143,
0.2857143,
0.2857143,
0,
0,
Static enemies,
0,
0.1428571,
0,
0.1428571,
0.1428571,
0,
0,
0,
0,
0.2857143,


